-- MySQL dump 10.13  Distrib 5.7.23, for Linux (x86_64)
--
-- Host: localhost    Database: db_ecommerce
-- ------------------------------------------------------
-- Server version	5.7.23

/*!40101 SET @OLD_CHARACTER_SET_CLIENT=@@CHARACTER_SET_CLIENT */;
/*!40101 SET @OLD_CHARACTER_SET_RESULTS=@@CHARACTER_SET_RESULTS */;
/*!40101 SET @OLD_COLLATION_CONNECTION=@@COLLATION_CONNECTION */;
/*!40101 SET NAMES utf8 */;
/*!40103 SET @OLD_TIME_ZONE=@@TIME_ZONE */;
/*!40103 SET TIME_ZONE='+00:00' */;
/*!40014 SET @OLD_UNIQUE_CHECKS=@@UNIQUE_CHECKS, UNIQUE_CHECKS=0 */;
/*!40014 SET @OLD_FOREIGN_KEY_CHECKS=@@FOREIGN_KEY_CHECKS, FOREIGN_KEY_CHECKS=0 */;
/*!40101 SET @OLD_SQL_MODE=@@SQL_MODE, SQL_MODE='NO_AUTO_VALUE_ON_ZERO' */;
/*!40111 SET @OLD_SQL_NOTES=@@SQL_NOTES, SQL_NOTES=0 */;

--
-- Current Database: `db_ecommerce`
--

CREATE DATABASE /*!32312 IF NOT EXISTS*/ `db_ecommerce` /*!40100 DEFAULT CHARACTER SET utf8 */;

USE `db_ecommerce`;

--
-- Table structure for table `tb_addresses`
--

DROP TABLE IF EXISTS `tb_addresses`;
/*!40101 SET @saved_cs_client     = @@character_set_client */;
/*!40101 SET character_set_client = utf8 */;
CREATE TABLE `tb_addresses` (
  `idaddress` int(11) NOT NULL AUTO_INCREMENT,
  `idperson` int(11) NOT NULL,
  `desaddress` varchar(128) NOT NULL,
  `descomplement` varchar(32) DEFAULT NULL,
  `descity` varchar(32) NOT NULL,
  `desstate` varchar(32) NOT NULL,
  `descountry` varchar(32) NOT NULL,
  `nrzipcode` int(11) NOT NULL,
  `dtregister` timestamp NOT NULL DEFAULT CURRENT_TIMESTAMP,
  PRIMARY KEY (`idaddress`),
  KEY `fk_addresses_persons_idx` (`idperson`),
  CONSTRAINT `fk_addresses_persons` FOREIGN KEY (`idperson`) REFERENCES `tb_persons` (`idperson`) ON DELETE NO ACTION ON UPDATE NO ACTION
) ENGINE=InnoDB DEFAULT CHARSET=utf8;
/*!40101 SET character_set_client = @saved_cs_client */;

--
-- Dumping data for table `tb_addresses`
--

LOCK TABLES `tb_addresses` WRITE;
/*!40000 ALTER TABLE `tb_addresses` DISABLE KEYS */;
/*!40000 ALTER TABLE `tb_addresses` ENABLE KEYS */;
UNLOCK TABLES;

--
-- Table structure for table `tb_carts`
--

DROP TABLE IF EXISTS `tb_carts`;
/*!40101 SET @saved_cs_client     = @@character_set_client */;
/*!40101 SET character_set_client = utf8 */;
CREATE TABLE `tb_carts` (
  `idcart` int(11) NOT NULL AUTO_INCREMENT,
  `dessessionid` varchar(64) NOT NULL,
  `iduser` int(11) DEFAULT NULL,
  `deszipcode` char(8) DEFAULT NULL,
  `vlfreight` decimal(10,2) DEFAULT NULL,
  `nrdays` int(11) DEFAULT NULL,
  `dtregister` timestamp NOT NULL DEFAULT CURRENT_TIMESTAMP,
  PRIMARY KEY (`idcart`),
  KEY `FK_carts_users_idx` (`iduser`),
  CONSTRAINT `fk_carts_users` FOREIGN KEY (`iduser`) REFERENCES `tb_users` (`iduser`) ON DELETE NO ACTION ON UPDATE NO ACTION
) ENGINE=InnoDB AUTO_INCREMENT=18 DEFAULT CHARSET=utf8;
/*!40101 SET character_set_client = @saved_cs_client */;

--
-- Dumping data for table `tb_carts`
--

LOCK TABLES `tb_carts` WRITE;
/*!40000 ALTER TABLE `tb_carts` DISABLE KEYS */;
INSERT INTO `tb_carts` VALUES (11,'ts518knt1k7g3adkmht73fvjh4',NULL,NULL,NULL,NULL,'2019-02-22 23:47:10'),(12,'bnk4dlau0k9ir3vcmqlluvqt17',8,NULL,NULL,NULL,'2019-02-22 23:52:37'),(13,'bnk4dlau0k9ir3vcmqlluvqt17',8,NULL,NULL,NULL,'2019-02-22 23:52:51'),(14,'ts518knt1k7g3adkmht73fvjh4',8,NULL,NULL,NULL,'2019-02-22 23:54:22'),(15,'ts518knt1k7g3adkmht73fvjh4',8,NULL,NULL,NULL,'2019-02-22 23:54:29'),(16,'ts518knt1k7g3adkmht73fvjh4',8,NULL,NULL,NULL,'2019-02-22 23:58:21'),(17,'ts518knt1k7g3adkmht73fvjh4',NULL,NULL,NULL,NULL,'2019-02-23 01:55:42');
/*!40000 ALTER TABLE `tb_carts` ENABLE KEYS */;
UNLOCK TABLES;

--
-- Table structure for table `tb_cartsproducts`
--

DROP TABLE IF EXISTS `tb_cartsproducts`;
/*!40101 SET @saved_cs_client     = @@character_set_client */;
/*!40101 SET character_set_client = utf8 */;
CREATE TABLE `tb_cartsproducts` (
  `idcartproduct` int(11) NOT NULL AUTO_INCREMENT,
  `idcart` int(11) NOT NULL,
  `idproduct` int(11) NOT NULL,
  `dtremoved` datetime DEFAULT NULL,
  `dtregister` timestamp NOT NULL DEFAULT CURRENT_TIMESTAMP,
  PRIMARY KEY (`idcartproduct`),
  KEY `FK_cartsproducts_carts_idx` (`idcart`),
  KEY `FK_cartsproducts_products_idx` (`idproduct`),
  CONSTRAINT `fk_cartsproducts_carts` FOREIGN KEY (`idcart`) REFERENCES `tb_carts` (`idcart`) ON DELETE NO ACTION ON UPDATE NO ACTION,
  CONSTRAINT `fk_cartsproducts_products` FOREIGN KEY (`idproduct`) REFERENCES `tb_products` (`idproduct`) ON DELETE NO ACTION ON UPDATE NO ACTION
) ENGINE=InnoDB AUTO_INCREMENT=4 DEFAULT CHARSET=utf8;
/*!40101 SET character_set_client = @saved_cs_client */;

--
-- Dumping data for table `tb_cartsproducts`
--

LOCK TABLES `tb_cartsproducts` WRITE;
/*!40000 ALTER TABLE `tb_cartsproducts` DISABLE KEYS */;
INSERT INTO `tb_cartsproducts` VALUES (1,17,4,NULL,'2019-02-23 01:58:26'),(2,17,4,NULL,'2019-02-23 01:58:34'),(3,17,4,NULL,'2019-02-23 01:58:41');
/*!40000 ALTER TABLE `tb_cartsproducts` ENABLE KEYS */;
UNLOCK TABLES;

--
-- Table structure for table `tb_categories`
--

DROP TABLE IF EXISTS `tb_categories`;
/*!40101 SET @saved_cs_client     = @@character_set_client */;
/*!40101 SET character_set_client = utf8 */;
CREATE TABLE `tb_categories` (
  `idcategory` int(11) NOT NULL AUTO_INCREMENT,
  `descategory` varchar(32) NOT NULL,
  `dtregister` timestamp NOT NULL DEFAULT CURRENT_TIMESTAMP,
  PRIMARY KEY (`idcategory`)
) ENGINE=InnoDB AUTO_INCREMENT=6 DEFAULT CHARSET=utf8;
/*!40101 SET character_set_client = @saved_cs_client */;

--
-- Dumping data for table `tb_categories`
--

LOCK TABLES `tb_categories` WRITE;
/*!40000 ALTER TABLE `tb_categories` DISABLE KEYS */;
INSERT INTO `tb_categories` VALUES (3,'Smartphone','2019-02-18 12:14:31'),(4,'Notebook','2019-02-18 14:12:49'),(5,'Televisão','2019-02-18 14:41:35');
/*!40000 ALTER TABLE `tb_categories` ENABLE KEYS */;
UNLOCK TABLES;

--
-- Table structure for table `tb_orders`
--

DROP TABLE IF EXISTS `tb_orders`;
/*!40101 SET @saved_cs_client     = @@character_set_client */;
/*!40101 SET character_set_client = utf8 */;
CREATE TABLE `tb_orders` (
  `idorder` int(11) NOT NULL AUTO_INCREMENT,
  `idcart` int(11) NOT NULL,
  `iduser` int(11) NOT NULL,
  `idstatus` int(11) NOT NULL,
  `vltotal` decimal(10,2) NOT NULL,
  `dtregister` timestamp NOT NULL DEFAULT CURRENT_TIMESTAMP,
  PRIMARY KEY (`idorder`),
  KEY `FK_orders_carts_idx` (`idcart`),
  KEY `FK_orders_users_idx` (`iduser`),
  KEY `fk_orders_ordersstatus_idx` (`idstatus`),
  CONSTRAINT `fk_orders_carts` FOREIGN KEY (`idcart`) REFERENCES `tb_carts` (`idcart`) ON DELETE NO ACTION ON UPDATE NO ACTION,
  CONSTRAINT `fk_orders_ordersstatus` FOREIGN KEY (`idstatus`) REFERENCES `tb_ordersstatus` (`idstatus`) ON DELETE NO ACTION ON UPDATE NO ACTION,
  CONSTRAINT `fk_orders_users` FOREIGN KEY (`iduser`) REFERENCES `tb_users` (`iduser`) ON DELETE NO ACTION ON UPDATE NO ACTION
) ENGINE=InnoDB DEFAULT CHARSET=utf8;
/*!40101 SET character_set_client = @saved_cs_client */;

--
-- Dumping data for table `tb_orders`
--

LOCK TABLES `tb_orders` WRITE;
/*!40000 ALTER TABLE `tb_orders` DISABLE KEYS */;
/*!40000 ALTER TABLE `tb_orders` ENABLE KEYS */;
UNLOCK TABLES;

--
-- Table structure for table `tb_ordersstatus`
--

DROP TABLE IF EXISTS `tb_ordersstatus`;
/*!40101 SET @saved_cs_client     = @@character_set_client */;
/*!40101 SET character_set_client = utf8 */;
CREATE TABLE `tb_ordersstatus` (
  `idstatus` int(11) NOT NULL AUTO_INCREMENT,
  `desstatus` varchar(32) NOT NULL,
  `dtregister` timestamp NOT NULL DEFAULT CURRENT_TIMESTAMP,
  PRIMARY KEY (`idstatus`)
) ENGINE=InnoDB AUTO_INCREMENT=5 DEFAULT CHARSET=utf8;
/*!40101 SET character_set_client = @saved_cs_client */;

--
-- Dumping data for table `tb_ordersstatus`
--

LOCK TABLES `tb_ordersstatus` WRITE;
/*!40000 ALTER TABLE `tb_ordersstatus` DISABLE KEYS */;
INSERT INTO `tb_ordersstatus` VALUES (1,'Em Aberto','2017-03-13 06:00:00'),(2,'Aguardando Pagamento','2017-03-13 06:00:00'),(3,'Pago','2017-03-13 06:00:00'),(4,'Entregue','2017-03-13 06:00:00');
/*!40000 ALTER TABLE `tb_ordersstatus` ENABLE KEYS */;
UNLOCK TABLES;

--
-- Table structure for table `tb_persons`
--

DROP TABLE IF EXISTS `tb_persons`;
/*!40101 SET @saved_cs_client     = @@character_set_client */;
/*!40101 SET character_set_client = utf8 */;
CREATE TABLE `tb_persons` (
  `idperson` int(11) NOT NULL AUTO_INCREMENT,
  `desperson` varchar(64) NOT NULL,
  `desemail` varchar(128) DEFAULT NULL,
  `nrphone` bigint(20) DEFAULT NULL,
  `dtregister` timestamp NOT NULL DEFAULT CURRENT_TIMESTAMP,
  PRIMARY KEY (`idperson`)
) ENGINE=InnoDB AUTO_INCREMENT=33 DEFAULT CHARSET=utf8;
/*!40101 SET character_set_client = @saved_cs_client */;

--
-- Dumping data for table `tb_persons`
--

LOCK TABLES `tb_persons` WRITE;
/*!40000 ALTER TABLE `tb_persons` DISABLE KEYS */;
INSERT INTO `tb_persons` VALUES (1,'João Rangel','admin@hcode.com.br',2147483647,'2017-03-01 06:00:00'),(7,'Suporte','suporte@hcode.com.br',1112345678,'2017-03-15 19:10:27'),(9,'teste','d@d.d',123123123,'2019-02-05 21:58:25'),(10,'teste','d@d.d',123123123,'2019-02-05 21:58:28'),(11,'teste','d@d.d',123123123,'2019-02-05 21:59:04'),(12,'teste','d@d.d',123123123,'2019-02-05 21:59:13'),(13,'teste','d@d.d',123123123,'2019-02-05 22:00:02'),(14,'nome','d@d.d',123,'2019-02-05 22:02:10'),(15,'nome','d@d.d',123,'2019-02-05 22:07:54'),(16,'nome','d@d.d',123,'2019-02-05 22:08:15'),(17,'David','david@cabra.io',123123,'2019-02-05 22:11:57'),(18,'David','david@cabra.io',123123,'2019-02-05 22:13:15'),(19,'David','david@cabra.io',123123,'2019-02-05 22:13:47'),(20,'David','david@cabra.io',123123,'2019-02-05 22:14:28'),(21,'David','david@cabra.io',123123,'2019-02-05 22:15:04'),(22,'David','david@cabra.io',123123,'2019-02-05 22:16:10'),(23,'David','david@cabra.io',123123,'2019-02-05 22:16:42'),(24,'David','david@cabra.io',123123,'2019-02-05 22:17:23'),(25,'David','david@cabra.io',123123,'2019-02-05 22:17:35'),(26,'David','d@d.d',123123123,'2019-02-05 22:18:05'),(27,'David','d@d.d',123123123,'2019-02-05 22:18:22'),(28,'David','d@d.d',123123123,'2019-02-05 22:19:01'),(29,'David','david@cabra.io',7133569897,'2019-02-05 22:19:46'),(30,'Rosinha','a@a.a',123123123,'2019-02-05 23:37:09'),(31,'David','david.meth@hotmail.com',33569897,'2019-02-06 17:26:07'),(32,'Brenda Costa','brendacosta23@gmail.com',123123,'2019-02-06 20:04:13');
/*!40000 ALTER TABLE `tb_persons` ENABLE KEYS */;
UNLOCK TABLES;

--
-- Table structure for table `tb_products`
--

DROP TABLE IF EXISTS `tb_products`;
/*!40101 SET @saved_cs_client     = @@character_set_client */;
/*!40101 SET character_set_client = utf8 */;
CREATE TABLE `tb_products` (
  `idproduct` int(11) NOT NULL AUTO_INCREMENT,
  `desproduct` varchar(64) NOT NULL,
  `vlprice` decimal(10,2) NOT NULL,
  `vlwidth` decimal(10,2) NOT NULL,
  `vlheight` decimal(10,2) NOT NULL,
  `vllength` decimal(10,2) NOT NULL,
  `vlweight` decimal(10,2) NOT NULL,
  `desurl` varchar(128) NOT NULL,
  `dtregister` timestamp NOT NULL DEFAULT CURRENT_TIMESTAMP,
  PRIMARY KEY (`idproduct`)
) ENGINE=InnoDB AUTO_INCREMENT=9 DEFAULT CHARSET=utf8;
/*!40101 SET character_set_client = @saved_cs_client */;

--
-- Dumping data for table `tb_products`
--

LOCK TABLES `tb_products` WRITE;
/*!40000 ALTER TABLE `tb_products` DISABLE KEYS */;
INSERT INTO `tb_products` VALUES (1,'Smartphone Android 7.0',999.95,75.00,151.00,80.00,167.00,'smartphone-android-7.0','2017-03-13 06:00:00'),(2,'SmartTV LED 4K',3925.99,917.00,596.00,288.00,8600.00,'smarttv-led-4k','2017-03-13 06:00:00'),(3,'Notebook 14\" 4GB 1TB',1949.99,345.00,23.00,30.00,2000.00,'notebook-14-4gb-1tb','2017-03-13 06:00:00'),(4,'Smartphone Motorola Moto G5 Plus',1135.23,15.20,7.40,0.70,0.16,'smartphone-motorola-moto-g5-plus','2019-02-18 12:16:06'),(5,'Smartphone Moto Z Play',1887.78,14.10,0.90,1.16,0.14,'smartphone-moto-z-play','2019-02-18 12:17:45'),(6,'Smartphone Samsung Galaxy J5 Pro',1299.00,14.60,7.10,0.80,0.16,'smartphone-samsung-galaxy-j5','2019-02-18 12:18:34'),(7,'Smartphone Samsung Galaxy J7 Prime',1149.00,15.10,7.50,0.80,0.16,'smartphone-samsung-galaxy-j7','2019-02-18 12:19:20'),(8,'Smartphone Samsung Galaxy J3 Dual',679.90,14.20,7.10,0.70,0.15,'smartphone-samsung-galaxy-j3','2019-02-18 12:20:18');
/*!40000 ALTER TABLE `tb_products` ENABLE KEYS */;
UNLOCK TABLES;

--
-- Table structure for table `tb_productscategories`
--

DROP TABLE IF EXISTS `tb_productscategories`;
/*!40101 SET @saved_cs_client     = @@character_set_client */;
/*!40101 SET character_set_client = utf8 */;
CREATE TABLE `tb_productscategories` (
  `idcategory` int(11) NOT NULL,
  `idproduct` int(11) NOT NULL,
  PRIMARY KEY (`idcategory`,`idproduct`),
  KEY `fk_productscategories_products_idx` (`idproduct`),
  CONSTRAINT `fk_productscategories_categories` FOREIGN KEY (`idcategory`) REFERENCES `tb_categories` (`idcategory`) ON DELETE NO ACTION ON UPDATE NO ACTION,
  CONSTRAINT `fk_productscategories_products` FOREIGN KEY (`idproduct`) REFERENCES `tb_products` (`idproduct`) ON DELETE NO ACTION ON UPDATE NO ACTION
) ENGINE=InnoDB DEFAULT CHARSET=utf8;
/*!40101 SET character_set_client = @saved_cs_client */;

--
-- Dumping data for table `tb_productscategories`
--

LOCK TABLES `tb_productscategories` WRITE;
/*!40000 ALTER TABLE `tb_productscategories` DISABLE KEYS */;
INSERT INTO `tb_productscategories` VALUES (3,1),(4,1),(5,2),(4,3),(4,6);
/*!40000 ALTER TABLE `tb_productscategories` ENABLE KEYS */;
UNLOCK TABLES;

--
-- Table structure for table `tb_users`
--

DROP TABLE IF EXISTS `tb_users`;
/*!40101 SET @saved_cs_client     = @@character_set_client */;
/*!40101 SET character_set_client = utf8 */;
CREATE TABLE `tb_users` (
  `iduser` int(11) NOT NULL AUTO_INCREMENT,
  `idperson` int(11) NOT NULL,
  `deslogin` varchar(64) NOT NULL,
  `despassword` varchar(256) NOT NULL,
  `inadmin` tinyint(4) NOT NULL DEFAULT '0',
  `dtregister` timestamp NOT NULL DEFAULT CURRENT_TIMESTAMP,
  PRIMARY KEY (`iduser`),
  KEY `FK_users_persons_idx` (`idperson`),
  CONSTRAINT `fk_users_persons` FOREIGN KEY (`idperson`) REFERENCES `tb_persons` (`idperson`) ON DELETE NO ACTION ON UPDATE NO ACTION
) ENGINE=InnoDB AUTO_INCREMENT=11 DEFAULT CHARSET=utf8;
/*!40101 SET character_set_client = @saved_cs_client */;

--
-- Dumping data for table `tb_users`
--

LOCK TABLES `tb_users` WRITE;
/*!40000 ALTER TABLE `tb_users` DISABLE KEYS */;
INSERT INTO `tb_users` VALUES (7,7,'me42th','$2y$12$HFjgUm/mk1RzTy4ZkJaZBe0Mc/BA2hQyoUckvm.lFa6TesjtNpiMe',1,'2017-03-15 19:10:27'),(8,31,'me42th','$2y$12$FKB4Xdm/9GRetvntyzxv1uEHGrQqZoIKwsZajrdtcd0y6dfZh4qoS',1,'2019-02-06 17:26:08'),(10,32,'br_enda','$2y$12$ZAx.ns9lMYayzLfA1G1IWumyqxVxntDLEv2wdICuZxl.cvgDaCEMG',1,'2019-02-08 12:33:55');
/*!40000 ALTER TABLE `tb_users` ENABLE KEYS */;
UNLOCK TABLES;

--
-- Table structure for table `tb_userslogs`
--

DROP TABLE IF EXISTS `tb_userslogs`;
/*!40101 SET @saved_cs_client     = @@character_set_client */;
/*!40101 SET character_set_client = utf8 */;
CREATE TABLE `tb_userslogs` (
  `idlog` int(11) NOT NULL AUTO_INCREMENT,
  `iduser` int(11) NOT NULL,
  `deslog` varchar(128) NOT NULL,
  `desip` varchar(45) NOT NULL,
  `desuseragent` varchar(128) NOT NULL,
  `dessessionid` varchar(64) NOT NULL,
  `desurl` varchar(128) NOT NULL,
  `dtregister` timestamp NOT NULL DEFAULT CURRENT_TIMESTAMP,
  PRIMARY KEY (`idlog`),
  KEY `fk_userslogs_users_idx` (`iduser`),
  CONSTRAINT `fk_userslogs_users` FOREIGN KEY (`iduser`) REFERENCES `tb_users` (`iduser`) ON DELETE NO ACTION ON UPDATE NO ACTION
) ENGINE=InnoDB DEFAULT CHARSET=utf8;
/*!40101 SET character_set_client = @saved_cs_client */;

--
-- Dumping data for table `tb_userslogs`
--

LOCK TABLES `tb_userslogs` WRITE;
/*!40000 ALTER TABLE `tb_userslogs` DISABLE KEYS */;
/*!40000 ALTER TABLE `tb_userslogs` ENABLE KEYS */;
UNLOCK TABLES;

--
-- Table structure for table `tb_userspasswordsrecoveries`
--

DROP TABLE IF EXISTS `tb_userspasswordsrecoveries`;
/*!40101 SET @saved_cs_client     = @@character_set_client */;
/*!40101 SET character_set_client = utf8 */;
CREATE TABLE `tb_userspasswordsrecoveries` (
  `idrecovery` int(11) NOT NULL AUTO_INCREMENT,
  `iduser` int(11) NOT NULL,
  `desip` varchar(45) NOT NULL,
  `dtrecovery` datetime DEFAULT NULL,
  `dtregister` timestamp NOT NULL DEFAULT CURRENT_TIMESTAMP,
  PRIMARY KEY (`idrecovery`),
  KEY `fk_userspasswordsrecoveries_users_idx` (`iduser`),
  CONSTRAINT `fk_userspasswordsrecoveries_users` FOREIGN KEY (`iduser`) REFERENCES `tb_users` (`iduser`) ON DELETE NO ACTION ON UPDATE NO ACTION
) ENGINE=InnoDB AUTO_INCREMENT=34 DEFAULT CHARSET=utf8;
/*!40101 SET character_set_client = @saved_cs_client */;

--
-- Dumping data for table `tb_userspasswordsrecoveries`
--

LOCK TABLES `tb_userspasswordsrecoveries` WRITE;
/*!40000 ALTER TABLE `tb_userspasswordsrecoveries` DISABLE KEYS */;
INSERT INTO `tb_userspasswordsrecoveries` VALUES (1,7,'127.0.0.1',NULL,'2017-03-15 19:10:59'),(2,7,'127.0.0.1',NULL,'2017-03-15 19:11:18'),(3,7,'127.0.0.1',NULL,'2017-03-15 19:37:12'),(4,8,'127.0.0.1',NULL,'2019-02-06 19:03:28'),(5,8,'127.0.0.1',NULL,'2019-02-06 19:06:06'),(6,8,'127.0.0.1',NULL,'2019-02-06 19:11:40'),(7,8,'127.0.0.1',NULL,'2019-02-06 19:11:59'),(8,8,'127.0.0.1',NULL,'2019-02-06 19:12:27'),(9,8,'127.0.0.1',NULL,'2019-02-06 19:12:50'),(10,8,'127.0.0.1',NULL,'2019-02-06 19:13:06'),(11,8,'127.0.0.1',NULL,'2019-02-06 19:13:38'),(12,8,'127.0.0.1',NULL,'2019-02-06 19:16:53'),(13,8,'127.0.0.1',NULL,'2019-02-06 19:17:39'),(14,8,'127.0.0.1',NULL,'2019-02-06 19:18:08'),(15,8,'127.0.0.1',NULL,'2019-02-06 20:19:36'),(16,8,'127.0.0.1',NULL,'2019-02-06 20:22:51'),(17,8,'127.0.0.1',NULL,'2019-02-06 20:23:28'),(18,8,'127.0.0.1',NULL,'2019-02-06 20:24:51'),(19,8,'127.0.0.1',NULL,'2019-02-06 20:26:02'),(20,8,'127.0.0.1',NULL,'2019-02-06 20:34:18'),(21,8,'127.0.0.1',NULL,'2019-02-06 20:34:57'),(22,8,'127.0.0.1',NULL,'2019-02-06 20:35:16'),(23,8,'127.0.0.1',NULL,'2019-02-06 20:52:59'),(24,8,'127.0.0.1',NULL,'2019-02-06 20:56:08'),(25,8,'127.0.0.1',NULL,'2019-02-06 20:58:49'),(26,8,'127.0.0.1',NULL,'2019-02-06 20:59:41'),(27,8,'127.0.0.1',NULL,'2019-02-06 21:03:50'),(28,8,'127.0.0.1',NULL,'2019-02-06 21:05:56'),(29,8,'127.0.0.1',NULL,'2019-02-07 14:24:37'),(30,8,'127.0.0.1',NULL,'2019-02-07 14:26:43'),(31,8,'127.0.0.1',NULL,'2019-02-07 15:30:34'),(32,8,'127.0.0.1','2019-02-07 13:24:09','2019-02-07 16:23:24'),(33,10,'127.0.0.1',NULL,'2019-02-08 12:34:59');
/*!40000 ALTER TABLE `tb_userspasswordsrecoveries` ENABLE KEYS */;
UNLOCK TABLES;
/*!40103 SET TIME_ZONE=@OLD_TIME_ZONE */;

/*!40101 SET SQL_MODE=@OLD_SQL_MODE */;
/*!40014 SET FOREIGN_KEY_CHECKS=@OLD_FOREIGN_KEY_CHECKS */;
/*!40014 SET UNIQUE_CHECKS=@OLD_UNIQUE_CHECKS */;
/*!40101 SET CHARACTER_SET_CLIENT=@OLD_CHARACTER_SET_CLIENT */;
/*!40101 SET CHARACTER_SET_RESULTS=@OLD_CHARACTER_SET_RESULTS */;
/*!40101 SET COLLATION_CONNECTION=@OLD_COLLATION_CONNECTION */;
/*!40111 SET SQL_NOTES=@OLD_SQL_NOTES */;

-- Dump completed on 2019-02-22 23:00:44
